sr	words	p.o.s	level
2	abandon	verb	b2
3	ability	noun	a2
4	able	adjective.	a2
5	about	prep. adverb	a1
6	above	prep. adverb	a1
7	abroad	adverb.	a2
8	absolute	adjective.	b2
9	absolutely	adverb.	b1
10	academic	adj, noun	b1, b2
11	accept	verb	a2
12	acceptable	adjective.	b2
13	access	noun, verb	b1
14	accident	noun	a2
15	accommodation	noun	b1
16	accompany	verb	b2
17	according	prep.	a2
18	account	noun, verb	b1, b2
19	accurate	adjective.	b2
20	accuse	verb	b2
21	achieve	verb	a2
22	achievement	noun	b1
23	acknowledge	verb	b2
24	acquire	verb	b2
25	across	prep. adverb	a1
26	act	verb, noun	a2,b1
27	action	noun	a1
28	active	adjective.	a2
29	activity	noun	a1
30	actor	noun	a1
31	actress	noun	a1
32	actual	adjective.	b2
33	actually	adverb.	a2
34	ad	noun	b1
35	adapt	verb	b2
36	add	verb	a1
37	addition	noun	b1
38	additional	adjective.	b2
39	address	noun, verb	a1,b2
40	administration	noun	b2
41	admire	verb	b1
42	admit	verb	b1
43	adopt	verb	b2
44	adult	noun, adj	a1,a2
45	advance	noun, verb, adj	b2
46	advanced	adjective.	b1
47	advantage	noun	a2
48	adventure	noun	a2
49	advertise	verb	a2
50	advertisement	noun	a2
51	advertising	noun	a2
52	advice	noun, verb	a1, b1
53	affair	noun	b2
54	affect	verb	a2
55	afford	verb	b1
56	afraid	adjective.	a1
57	after	prep., conj. adverb	a1,a2
58	afternoon	noun	a1
59	afterwards	adverb.	b2
60	again	adverb.	a1
61	against	prep.	a2
62	age	noun, verb	a1, b1
63	aged	adjective.	b1
64	agency	noun	b2
65	agenda	noun	b2
66	agent	noun	b1
67	aggressive	adjective.	b2
68	ago	adverb.	a1
69	agree	verb	a1
70	agreement	noun	b1
71	ah	exclam.	a2
72	ahead	adverb.	b1
73	aid	noun, verb	b2
74	aim	verb, noun	b1
75	air	noun	a1
76	aircraft	noun	b2
77	airline	noun	a2
78	airport	noun	a1
79	alarm	noun, verb	b1, b2
80	album	noun	b1
81	alcohol	noun	b1
82	alcoholic	adjective	b1
83	alive	adjective	a2
84	all	det. pron, adverb	a1, a2
85	all right	adjective, adverb. exclam	a2
86	allow	verb	a2
87	almost	adverb	a2
88	alone	adjective, adverb	a2
89	along	prep. adverb	a2
90	already	adverb	a2
91	also	adverb	a1
92	alter	verb	b2
93	alternative	noun, adjective	a2, b1
94	although	conj	a2
95	always	adverb	a1
96	amazed	adjective	b1
97	amazing	adjective	a1
98	ambition	noun	b1
99	ambitious	adjective	b1
100	among	prep.	a2
101	amount	noun, verb	a2, b2
102	analyse	verb	b1
103	analysis	noun	b1
104	ancient	adjective	a2
105	and	conj	a1
106	anger	noun	b2
107	angle	noun	b2
108	angry	adjective	a1
109	animal	noun	a1
110	ankle	noun	a2
111	anniversary	noun	b2
112	announce	verb	b1
113	announcement	noun	b1
114	annoy	verb	b1
115	annoyed	adjective	b1
116	annoying	adjective	b1
117	annual	adjective	b2
118	another	det. pron.	a1
119	answer	noun, verb	a1
120	anxious	adjective	b2
121	any	det. pron., adverb	a1, a2
122	anybody	pron	a2
123	any more	adverb	a2
124	anyone	pron	a1
125	anything	pron	a1
126	anyway	adverb.	a2
127	anywhere	adverb, pron.	a2
128	apart	adverb	b1
129	apartment	noun	a1
130	apologize	verb	b1
131	app	noun	a2
132	apparent	adjective	b2
133	apparently	adverb	b2
134	appeal	noun, verb	b2
135	appear	verb	a2
136	appearance	noun	a2
137	apple	noun	a1
138	application	noun	b1
139	apply	verb	a2
140	appointment	noun	b1
141	appreciate	verb	b1
142	approach	noun, verb	b2
143	appropriate	adjective.	b2
144	approval	noun	b2
145	approve	verb	b2
146	approximately	adverb.	b1
147	april	noun	a1
148	architect	noun	a2
149	architecture	noun	a2
150	area	noun	a1
151	argue	verb	a2
152	argument	noun	a2
153	arise	verb	b2
154	arm	noun	a1
155	armed	adjective.	b2
156	arms	noun	b2
157	army	noun	a2
158	around	prep. adverb.	a1
159	arrange	verb	a2
160	arrangement	noun	a2
161	arrest	verb, noun	b1
162	arrival	noun	b1
163	arrive	verb	a1
164	art	noun	a1
165	article	noun	a1
166	artificial	adjective.	b2
167	artist	noun	a1
168	artistic	adjective.	b2
169	as	prep., adverb. conj.	a1, a2
170	ashamed	adjective.	b2
171	asleep	adjective.	a2
172	ask	verb	a1
173	aspect	noun	b2
174	assess	verb	b2
175	assessment	noun	b2
176	assignment	noun	b1
177	assist	verb	b1
178	assistant	noun, adjective.	a2
179	associate	verb	b2
180	associated	adjective.	b2
181	association	noun	b2
182	assume	verb	b2
183	at	prep.	a1
184	athlete	noun	a2
185	atmosphere	noun	b1
186	attach	verb	b1
187	attack	noun, verb	a2
188	attempt	noun, verb	b2
189	attend	verb	a2
190	attention	noun, exclam.	a2
191	attitude	noun	b1
192	attract	verb	b1
193	attraction	noun	b1
194	attractive	adjective.	a2
195	audience	noun	a2
196	august	noun	a1
197	aunt	noun	a1
198	author	noun	a2
199	authority	noun	b1
200	autumn	noun	a1
201	available	adjective.	a2
202	average	adjective, noun, verb	a2, b1
203	avoid	verb	a2
204	award	noun, verb	a2, b1
205	aware	adjective.	b1
206	away	adverb.	a1
207	awful	adjective.	a2
208	baby	noun	a1
209	back	noun, adverb, adjective, verb	a1, a2, b2
210	background	noun	a2
211	backwards	adverb.	b1
212	bacteria	noun	b2
213	bad	adjective.	a1
214	badly	adverb.	a2
215	bag	noun	a1
216	bake	verb	b1
217	balance	noun, verb	b1
218	ball	noun	a1
219	ban	verb, noun	b1
220	banana	noun	a1
221	band	noun	a1
222	bank (money)	noun	a1
223	bank (river)	noun	b1
224	bar	noun, verb	a2, b2
225	barrier	noun	b2
226	base	noun, verb	b1
227	baseball	noun	a2
228	based	adjective.	a2
229	basketball	noun	a2
230	basic	adjective.	b1
231	basically	adverb.	b2
232	basis	noun	b1
233	bath	noun	a1
234	bathroom	noun	a1
235	battery	noun	b1
236	battle	noun, verb	b1, b2
237	be	verb, auxiliary verb	a1
238	beach	noun	a1
239	bean	noun	a2
240	bear (deal with)	verb	b2
241	bear (animal)	noun	a2
242	beat	verb, noun	a2, b2
243	beautiful	adjective.	a1
244	beauty	noun	b1
245	because	conj.	a1
246	become	verb	a1
247	bed	noun	a1
248	bedroom	noun	a1
249	bee	noun	b1
250	beef	noun	a2
251	beer	noun	a1
252	before	prep., conj. adverb.	a1, a2
253	beg	verb	b2
254	begin	verb	a1
255	beginning	noun	a1
256	behave	verb	a2
257	behaviour	noun	a2
258	behind	prep. adverb.	a1
259	being	noun	b2
260	belief	noun	b1
261	believe	verb	a1
262	bell	noun	b1
263	belong	verb	a2
264	below	adverb. prep.	a1
265	belt	noun	a2
266	bend	verb, noun	b1
267	benefit	verb, noun.	a2, b1
268	bent	adjective.	b2
269	best	adjective, adverb, noun	a1, a2
270	bet	verb, noun	b2
271	better	adjective., adverb., noun	a1, a2, b1
272	between	prep., adverb.	a1, a2
273	beyond	prep. adverb.	b2
274	bicycle	noun	a1
275	big	adjective.	a1
276	bike	noun	a1
277	bill	noun, verb	a1, b2
278	billion number		a2
279	bin	noun	a2
280	biology	noun	a2
281	bird	noun	a1
282	birth	noun	a2
283	birthday	noun	a1
284	biscuit	noun	a2
285	bit	noun	a2
286	bite	verb, noun	b1
287	bitter	adjective.	b2
288	black	adjective, noun	a1
289	blame	verb, noun	b2
290	blank	adjective, noun	a2
291	blind	adjective.	b2
292	block	noun, verb	b1
293	blog	noun	a1
294	blonde	adjective.	a1
295	blood	noun	a2
296	blow	verb	a2
297	blue	adjective, noun	a1
298	board	noun, verb	a2, b1
299	boat	noun	a1
300	body	noun	a1
301	boil	verb	a2
302	bomb	noun, verb	b1
303	bond	noun	b2
304	bone	noun	a2
305	book	noun, verb	a1, a2
306	boot	noun	a1
307	border	noun, verb	b1, b2
308	bored	adjective.	a1
309	boring	adjective.	a1
310	born	verb	a1
311	borrow	verb	a2
312	boss	noun	a2
313	both	det./pron.	a1
314	bother	verb	b1
315	bottle	noun	a1
316	bottom	noun. adjective.	a2
317	bowl	noun	a2
318	box	noun	a1
319	boy	noun	a1
320	boyfriend	noun	a1
321	brain	noun	a2
322	branch	noun	b1
323	brand	noun, verb	b1
324	brave	adjective.	b1
325	bread	noun	a1
326	break	verb, noun	a1
327	breakfast	noun	a1
328	breast	noun	b2
329	breath	noun	b1
330	breathe	verb	b1
331	breathing	noun	b1
332	bride	noun	b1
333	bridge	noun	a2
334	brief	adjective.	b2
335	bright	adjective.	a2
336	brilliant	adjective.	a2
337	bring	verb	a1
338	broad	adjective.	b2
339	broadcast	verb, noun	b2
340	broken	adjective.	a2
341	brother	noun	a1
342	brown	adjective, noun	a1
343	brush	verb, noun	a2
344	bubble	noun	b1
345	budget	noun	b2
346	build	verb	a1
347	building	noun	a1
348	bullet	noun	b2
349	bunch	noun	b2
350	burn	verb, noun	a2, b2
351	bury	verb	b1
352	bus	noun	a1
353	bush	noun	b2
354	business	noun	a1
355	businessman	noun	a2
356	busy	adjective.	a1
357	but	conj., prep.	a1, b2
358	butter	noun	a1
359	button	noun	a2
360	buy	verb	a1
362	bye	exclam.	a1
363	cable	noun	b2
364	cafe	noun	a1
365	cake	noun	a1
366	calculate	verb	b2
367	call	verb, noun	a1
368	calm	adjective. verb, noun	b1
369	camera	noun	a1
370	camp	noun, verb	a2
371	campaign	noun, verb	b1
372	camping	noun	a2
373	campus	noun	b1
374	can	modal v.	a1
375	can	noun	a2
376	cancel	verb	b2
377	cancer	noun	b2
378	candidate	noun	b1
379	cannot	verb	a1
380	cap	noun	b1
381	capable	adjective.	b2
382	capacity	noun	b2
383	capital	noun, adjective.	a1
384	captain	noun	b1
385	capture	verb, noun	b2
386	car	noun	a1
387	card	noun	a1
388	care	noun, verb	a2
389	career	noun	a1
390	careful	adjective.	a2
391	carefully	adverb.	a2
392	careless	adjective.	b1
393	carpet	noun	a2
394	carrot	noun	a1
395	carry	verb	a1
396	cartoon	noun	a2
397	case	noun	a2
398	cash	noun	a2
399	cast	noun, verb	b2
400	castle	noun	a2
401	cat	noun	a1
402	catch	verb, noun	a2, b2
403	category	noun	b1
404	cause	noun, verb	a2
405	cd	noun	a1
406	ceiling	noun	b1
407	celebrate	verb	a2
408	celebration	noun	b1
409	celebrity	noun	a2
410	cell	noun	b2
411	cent	noun	a1
412	central	adjective.	b1
413	centre	noun, verb	a1, b1
414	century	noun	a1
415	ceremony	noun	b1
416	certain	adjective.	a2
417	certainly	adverb.	a2
418	chain	noun, verb	b1, b2
419	chair	noun, verb	a1, b2
420	chairman	noun	b2
421	challenge	noun, verb	b1, b2
422	champion	noun	b1
423	chance	noun	a2
424	change	verb, noun	a1
425	channel	noun	b1
426	chapter	noun	b1
427	character	noun	a2
428	characteristic	noun, adjective.	b2
429	charge	noun, verb	b1
430	charity	noun	a2
431	chart	noun, verb	a1, b2
432	chat	verb, noun	a2
433	cheap	adjective., adverb.	a1, b1
434	cheat	verb, noun	b1
435	check	verb, noun	a1, a2
436	chef	noun	a2
437	cheerful	adjective.	b1
438	cheese	noun	a1
439	chemical	adjective, noun	b1
440	chemistry	noun	a2
441	chest	noun	b1
442	chicken	noun	a1
443	chief	adjective, noun	b2
444	child	noun	a1
445	childhood	noun	b1
446	chip	noun	a2
447	chocolate	noun	a1
448	choice	noun	a2
449	choose	verb	a1
450	church	noun	a2
451	cigarette	noun	a2
452	cinema	noun	a1
453	circle	noun, verb	a2
454	circumstance	noun	b2
455	cite	verb	b2
456	citizen	noun	b2
457	city	noun	a1
458	civil	adjective.	b2
459	claim	verb, noun	b1
460	class	noun	a1
461	classic	adjective, noun	b2
462	classical	adjective.	a2
463	classroom	noun	a1
464	clause	noun	b1
465	clean	adjective, verb	a1
466	clear	adjective, verb	a2, b1
467	clearly	adverb.	a2
468	clever	adjective.	a2
469	click	verb, noun	b1
470	client	noun	b1
471	climate	noun	a2
472	climb	verb, noun	a1, b1
473	clock	noun	a1
474	close	verb, noun	a1, b2
475	close	adjective., adverb.	a2, b1
476	closed	adjective.	a2
477	closely	adverb.	b2
478	cloth	noun	b1
479	clothes	noun	a1
480	clothing	noun	a2
481	cloud	noun	a2
482	club	noun	a1
483	clue	noun	b1
484	coach	noun, verb	a2, b1
485	coal	noun	b1
486	coast	noun	a2
487	coat	noun	a1
488	code	noun	a2
489	coffee	noun	a1
490	coin	noun	b1
491	cold	adjective. n.	a1
492	collapse	verb, n.	b2
493	colleague	noun	a2
494	collect	verb	a2
495	collection	noun	b1
496	college	noun	a1
497	colour	noun	a1
498	coloured	adjective.	b1
499	column	noun	a2
500	combination	noun	b2
501	combine	verb	b1
502	come	verb	a1
503	comedy	noun	a2
504	comfort	noun, verb	b2
505	comfortable	adjective.	a2
506	command	noun, verb	b2
507	comment	noun, verb	a2, b1
508	commercial	adjective. n.	b1
509	commission	n, verb	b2
510	commit	verb	b1
511	commitment	n.	b2
512	committee	n.	b2
513	common	adjective. n.	a1
514	commonly	adverb.	b2
515	communicate	v.	a2
516	communication	n.	b1
517	community	n.	a2
518	company	n.	a1
519	compare	v.	a1
520	comparison	n.	b1
521	compete	v.	a2
522	competition	n.	a2
523	competitor	n.	b1
524	competitive	adjective.	b1
525	complain	v.	a2
526	complaint	n.	b1
527	complete	adjective. v.	a1
528	completely	adverb.	a2
529	complex	adjective., n.	b1, b2
530	complicated	adjective.	b2
531	component	n.	b2
532	computer	n.	a1
533	concentrate	v.	b1
534	concentration	n.	b2
535	concept	n.	b2
536	concern	n. v.	b2
537	concerned	adjective.	b2
538	concert	n.	a1
539	conclude	v.	b1
540	conclusion	n.	b1
541	condition	n.	a2
542	conduct	v. n.	b2
543	conference	n.	a2
544	confidence	n.	b2
545	confident	adjective.	b1
546	confirm	v.	b1
547	conflict	n. v.	b2
548	confuse	v.	b1
549	confused	adjective.	b1
550	confusing	adjective.	b2
551	connect	v.	a2
552	connected	adjective.	a2
553	connection	n.	b1
554	conscious	adjective.	b2
555	consequence	n.	b1
556	conservative	adjective. n.	b2
557	consider	v.	a2
558	consideration	n.	b2
559	consist	v.	b1
560	consistent	adjective.	b2
561	constant	adjective.	b2
562	constantly	adverb.	b2
563	construct	v.	b2
564	construction	n.	b2
565	consume	v.	b1
566	consumer	n.	b1
567	contact	n. v.	b1
568	contain	v.	a2
569	container	n.	b1
570	contemporary	adjective.	b2
571	content	n.	b1
572	contest	n. v.	b2
573	context	n.	a2
574	continent	n.	a2
575	continue	v.	a2
576	continuous	adjective.	b1
577	contract	n. v.	b2
578	contrast	n. v.	b1
579	contribute	v.	b2
580	contribution	n.	b2
581	control	n. v.	a2
582	convenient	adjective.	b1
583	conversation	n.	a1
584	convert	v.	b2
585	convince	v.	b1
586	convinced	adjective.	b2
587	cook	v., n.	a1, a2
588	cooker	n.	a2
589	cooking	n.	a1
590	cool	adjective., v.	a1, b1
591	copy	n. v.	a2
592	core	n. adjective.	b2
593	corner	n.	a2
594	corporate	adjective.	b2
595	correct	adjective. v.	a1
596	correctly	adverb.	a2
597	cost	n. v.	a1
598	costume	n.	b1
599	cottage	n.	b1
600	cotton	n.	b1
601	could	v.	a1
602	council	n.	b2
603	count	v., n.	a2, b1
604	country	n.	a1
605	countryside	n.	b1
606	county	n.	b2
607	couple	n.	a2
608	courage	n.	b2
609	course	n	a1
610	court	n.	b1
611	cousin	n.	a1
612	cover	v., n.	a2, b1
613	covered	adjective.	b1
614	cow	n.	a1
615	crash	n., v.	b2
616	crazy	adjective.	a2
617	cream	n., adjective.	a1, b1
618	create	v.	a1
619	creation	n.	b2
620	creative	adjective.	a2
621	creature	n.	b2
622	credit	n., v.	a2, b2
623	crew	n.	b2
624	crime	n.	a2
625	criminal	n., adjective.	a2, b1
626	crisis	n.	b2
627	criterion	n.	b2
628	critic	n.	b2
629	critical	adjective.	b2
630	criticism	n.	b2
631	criticize	v.	b2
632	crop	n.	b2
633	cross	v. n.	a2
634	crowd	n.	a2
635	crowded	adjective.	a2
636	crucial	adjective.	b2
637	cruel	adjective.	b1
638	cry	v., n.	a2, b2
639	cultural	adjective.	b1
640	culture	n.	a1
641	cup	n.	a1
642	cupboard	n.	a2
643	cure	v. n.	b2
644	curly	adjective.	a2
645	currency	n.	b1
646	current	adjective., n.	b1, b2
647	currently	adverb.	b1
648	curtain	n.	b1
649	curve	n. v.	b2
650	curved	adjective.	b2
651	custom	n.	b1
652	customer	n.	a1
653	cut	v., n.	a1, b1
654	cycle	n., v.	a2, b1
655	dad	n.	a1
656	daily	adjective., adverb.	a2, b1
657	damage	n. v.	b1
658	dance	n. v.	a1
659	dancer	n.	a1
660	dancing	n.	a1
661	danger	n.	a2
662	dangerous	adjective.	a1
663	dark	adjective., n.	a1, a2
664	data	n.	a2
665	date	n., v.	a1, b2
666	daughter	n.	a1
667	day	n.	a1
668	dead	adjective.	a2
669	deal	v., n.	a2, b1
670	dear	adjective., exclam.	a1, a2
671	death	n.	a2
672	debate	n. v.	b2
673	debt	n.	b2
674	decade	n.	b1
675	december	n.	a1
676	decent	adjective.	b2
677	decide	v.	a1
678	decision	n.	a2
679	declare	v.	b2
680	decline	v. n.	b2
681	decorate	v.	b1
682	decoration	n.	b2
683	decrease	v. n.	b2
684	deep	adjective., adverb.	a2, b1
685	deeply	adverb.	b2
686	defeat	v. n.	b2
687	defence	n.	b2
688	defend	v.	b2
689	define	v.	b1
690	definite	adjective.	b1
691	definitely	adverb.	a2
692	definition	n.	b1
693	degree	n.	a2
694	delay	v. n.	b2
695	deliberate	adjective.	b2
696	deliberately	adverb.	b2
697	delicious	adjective.	a1
698	delight	v. n.	b2
699	delighted	adjective.	b2
700	deliver	v.	b1
701	delivery	n.	b2
702	demand	n. v.	b2
703	demonstrate	v.	b2
704	dentist	n.	a2
705	deny	v.	b2
706	department	n.	a2
707	departure	n.	b1
708	depend	v.	a2
709	depressed	adjective.	b2
710	depressing	adjective.	b2
711	depth	n.	b2
712	describe	v.	a1
713	description	n.	a1
714	desert	n., v.	a2, b2
715	deserve	v.	b2
716	design	n. v.	a1
717	designer	n.	a2
718	desire	n. v.	b2
719	desk	n.	a1
720	desperate	adjective.	b2
721	despite	prep.	b1
722	destination	noun	b1
723	destroy	verb	a2
724	detail	noun, verb	a1, b2
725	detailed	adjective.	b2
726	detect	verb	b2
727	detective	noun	a2
728	determine	verb	b1
729	determined	adjective.	b1
730	develop	verb	a2
731	development	noun	b1
732	device	noun	a2
733	diagram	noun	b1
734	dialogue	noun	a1
735	diamond	noun	b1
736	diary	noun	a2
737	dictionary	noun	a1
738	die	verb	a1
739	diet	noun	a1
740	difference	noun	a1
741	different	adjective.	a1
742	differently	adverb.	a2
743	difficult	adjective.	a1
744	difficulty	noun	b1
745	dig	verb	b2
746	digital	adjective.	a2
747	dinner	noun	a1
748	direct	adjective, verb, adverb.	a2, b1
749	direction	noun	a2
750	directly	adverb.	b1
751	director	noun	a2
752	dirt	noun	b1
753	dirty	adjective.	a1
754	dis adverbantage	noun	b1
755	disagree	verb	a2
756	disappear	verb	a2
757	disappointed	adjective.	b1
758	disappointing	adjective.	b1
759	disaster	noun	a2
760	disc	noun	b2
761	discipline	noun	b2
762	discount	noun, verb	b1, b2
763	discover	verb	a2
764	discovery	noun	a2
765	discuss	verb	a1
766	discussion	noun	a2
767	disease	noun	a2
768	dish	noun	a1
769	dishonest	adjective.	b2
770	dislike	verb, noun	b1
771	dismiss	verb	b2
772	display	verb, noun	b2
773	distance	noun	a2
774	distribute	verb	b2
775	distribution	noun	b2
776	district	noun	b2
777	divide	verb, noun	b1, b2
778	division	noun	b2
779	divorced	adjective.	a2
780	do	verb, auxiliary verb	a1
781	doctor	noun	a1
782	document	noun, verb	a2, b2
783	documentary	noun	b1
784	dog	noun	a1
785	dollar	noun	a1
786	domestic	adjective.	b2
787	dominate	verb	b2
788	donate	verb	b1
789	door	noun	a1
790	double	adjective. det. pron. v., adverb.	a2, b1
791	_	_	_	_
792	doubt	noun, verb	b1
793	down	adverb. prep.	a1
794	download	verb, noun	a2
795	downstairs	adverb., adjective.	a1, a2
796	downwards	adverb.	b2
797	dozen	noun, det.	b2
798	draft	noun, verb	b2
799	drag	verb	b2
800	drama	noun	a2
801	dramatic	adjective.	b2
802	draw	verb	a1
803	drawing	noun	a2
804	dream	noun, verb	a2
805	dress	noun, verb	a1
806	dressed	adjective.	b1
807	drink	noun, verb	a1
808	drive	verb, noun	a1, a2
809	driver	noun	a1
810	driving	noun	a2
811	drop	verb, noun	a2, b1
812	drug	noun	a2
813	drum	noun	b1
814	drunk	adjective.	b1
815	dry	adjective, verb	a2
816	due	adjective.	b1
817	during	prep.	a1
818	dust	noun	b1
819	duty	noun	b1
820	dvd	noun	a1
821	each	det./pron./adverb.	a1
822	ear	noun	a1
823	early	adjective. adverb.	a1
824	earn	verb	a2
825	earth	noun	a2
826	earthquake	noun	b1
827	easily	adverb.	a2
828	east	noun, adjective. adverb.	a1
829	eastern	adjective.	b1
830	easy	adjective.	a1
831	eat	verb	a1
832	economic	adjective.	b1
833	economy	noun	b1
834	edge	noun	b1
835	edit	verb	b2
836	edition	noun	b2
837	editor	noun	b1
838	educate	verb	b1
839	educated	adjective.	b1
840	education	noun	a2
841	educational	adjective.	b1
842	effect	noun	a2
843	effective	adjective.	b1
844	effectively	adverb.	b1
845	efficient	adjective.	b2
846	effort	noun	b1
847	egg	noun	a1
848	eight	number	a1
849	eighteen	number	a1
850	eighty	number	a1
851	either	det./pron. adverb.	a2
852	elderly	adjective.	b2
853	elect	verb	b2
854	election	noun	b1
855	electric	adjective.	a2
856	electrical	adjective.	a2
857	electricity	noun	a2
858	electronic	adjective.	a2
859	element	noun	b1
860	elephant	noun	a1
861	eleven	number	a1
862	else	adverb.	a1
863	elsewhere	adverb.	b2
864	email	noun, verb	a1
865	embarrassed	adjective.	b1
866	embarrassing	adjective.	b1
867	emerge	verb	b2
868	emergency	noun	b1
869	emotion	noun	b1
870	emotional	adjective.	b2
871	emphasis	noun	b2
872	emphasize	verb	b2
873	employ	verb	a2
874	employee	noun	a2
875	employer	noun	a2
876	employment	noun	b1
877	empty	adjective., verb	a2, b1
878	enable	verb	b2
879	encounter	verb, noun	b2
880	encourage	verb	b1
881	end	noun, verb	a1
882	ending	noun	a2
883	enemy	noun	b1
884	energy	noun	a2
885	engage	verb	b2
886	engaged	adjective.	b1
887	engine	noun	a2
888	engineer	noun	a2
889	engineering	noun	b1
890	enhance	verb	b2
891	enjoy	verb	a1
892	enormous	adjective.	a2
893	enough	det. pron. adverb.	a1
894	enquiry	noun	b2
895	ensure	verb	b2
896	enter	verb	a2
897	entertain	verb	b1
898	entertainment	noun	b1
899	enthusiasm	noun	b2
900	enthusiastic	adjective.	b2
901	entire	adjective.	b2
902	entirely	adverb.	b2
903	entrance	noun	b1
904	entry	noun	b1
905	environment	noun	a2
906	environmental	adjective.	b1
907	episode	noun	b1
908	equal	adjective, verb, noun	b1, b2
909	equally	adverb.	b1
910	equipment	noun	a2
911	error	noun	a2
912	escape	verb, noun	b1
913	especially	adverb.	a2
914	essay	noun	a2
915	essential	adjective.	b1
916	establish	verb	b2
917	estate	noun	b2
918	estimate	verb, noun	b2
919	ethical	adjective.	b2
920	euro	noun	a1
921	evaluate	verb	b2
922	even	adverb., adjective.	a1, b2
923	evening	noun	a1
924	event	noun	a1
925	eventually	adverb.	b1
926	ever	adverb.	a1
927	every	det.	a1
928	everybody	pron.	a1
929	everyday	adjective.	a2
930	everyone	pron.	a1
931	everything	pron.	a1
932	everywhere	adverb.	a2
933	evidence	n.	a2
934	evil	adjective. n.	b2
935	exact	adjective.	a2
936	exactly	adverb.	a2
937	exam	n.	a1
938	examination	n.	b2
939	examine	v.	b1
940	example	n.	a1
941	excellent	adjective.	a2
942	except	prep., conj.	a2, b1
943	exchange	n. v.	b1
944	excited	adjective.	a1
945	excitement	n.	b1
946	exciting	adjective.	a1
947	excuse	n. v.	b2
948	executive	n. adjective.	b2
949	exercise	n. v.	a1
950	exhibition	n.	b1
951	exist	v.	a2
952	existence	n.	b2
953	expand	v.	b1
954	expect	v.	a2
955	expectation	n.	b2
956	expected	adjective.	b1
957	expedition	n.	b1
958	expense	n.	b2
959	expensive	adjective.	a1
960	experience	n., v.	a2, b1
961	experienced	adjective.	b1
962	experiment	n., v.	a2, b1
963	expert	n. adjective.	a2
964	explain	v.	a1
965	explanation	n.	a2
966	explode	v.	b1
967	exploration	n.	b2
968	explore	v.	b1
969	explosion	n.	b1
970	export	n. v.	b1
971	expose	v.	b2
972	express	v.	a2
973	expression	n.	a2
974	extend	v.	b2
975	extent	n.	b2
976	external	adjective.	b2
977	extra	adjective., n. adverb.	a1, b1
978	extraordinary	adjective.	b2
979	extreme	adjective., n.	a2, b2
980	extremely	adverb.	a2
981	eye	n.	a1
982	face	n., v.	a1, b1
983	facility	n.	b2
984	fact	n.	a1
985	factor	n.	a2
986	factory	n.	a2
987	fail	v.	a2
988	failure	n.	b2
989	fair	adjective.	a2
990	fairly	adverb.	b1
991	faith	n.	b2
992	fall	v., n.	a1, a2
993	false	adjective.	a1
994	familiar	adjective.	b1
995	family	n. adjective.	a1
996	famous	adjective.	a1
997	fan	n.	a2
998	fancy	v. adjective.	b1
999	fantastic	adjective.	a1
1000	far	adverb., adjective.	a1, b1
1001	farm	n., v.	a1, a2
1002	farmer	n.	a1
1003	farming	n.	a2
1004	fascinating	adjective.	b1
1005	fashion	n.	a2
1006	fashionable	adjective.	b1
1007	fast	adjective. adverb.	a1
1008	fasten	v.	b1
1009	fat	adjective., n.	a1, a2
1010	father	n.	a1
1011	fault	n.	b2
1012	favour	n., v.	b1, b2
1013	favourite	adjective. n.	a1
1014	fear	n., v.	a2, b1
1015	feather	n.	b2
1016	feature	n., v.	a2, b1
1017	february	n.	a1
1018	fee	n.	b2
1019	feed	v., n.	a2, b2
1020	feedback	n.	b2
1021	feel	v., n.	a1, b2
1022	feeling	n.	a1
1023	fellow	adjective.	b2
1024	female	adjective. n.	a2
1025	fence	n.	b1
1026	festival	n.	a1
1027	few	det./adjective. pron.	a1
1028	fiction	n.	a2
1029	field	n.	a2
1030	fifteen	number	a1
1031	fifth	number	a1
1032	fifty	number	a1
1033	fight	v.n	a2
1034	fighting	n.	b1
1035	figure	n., v	a2, b2
1036	file	n., v	b1, b2
1037	fill	v.	a1
1038	film	n., v	a1, a2
1039	final	adjective., n	a1, a2
1040	finally	adverb.	a2
1041	finance	n. v	b2
1042	financial	adjective.	b1
1043	find	v.	a1
1044	finding	n.	b2
1045	fine	adjective.	a1
1046	finger	n.	a2
1047	finish	v., n	a1, a2
1048	fire	n., v	a1, b1
1049	firm	n.	b2
1050	first	det./number.adverb., n	a1, a2
1051	firstly	adverb.	a2
1052	fish	n., v	a1, a2
1053	fishing	n.	a2
1054	fit	v. adj	a2
1055	fitness	n.	b1
1056	five	number	a1
1057	fix	v. n	a2, b2
1058	fixed	adjective.	b1
1059	flag	n.	b1
1060	flame	n.	b2
1061	flash	n. v	b2
1062	flat	n., adj	a1, a2
1063	flexible	adjective.	b2
1064	flight	n.	a1
1065	float	v.	b2
1066	flood	n. v	b1
1067	floor	n.	a1
1068	flour	n.	b1
1069	flow	v. n.	b1
1070	flower	n.	a1
1071	flu	n.	a2
1072	fly	v. n	a1, a2
1073	flying	n. adjective.	a2
1074	focus	v. n.	a2
1075	fold	v. n.	b1, b2
1076	folding	adjective.	b2
1077	folk	n. adj	b1
1078	follow	v.	a1
1079	following	adj, n, prep	a2, b1, b2
1080	food	n.	a1
1081	foot	n.	a1
1082	football	n.	a1
1083	for	prep.	a1
1084	force	n.v.	b1
1085	foreign	adjective.	a2
1086	forest	n.	a2
1087	forever	adverb.	b1
1088	forget	v.	a1
1089	forgive	v.	b2
1090	fork	n.	a2
1091	form	n.v.	a1
1092	formal	adjective.	a2
1093	former	adjective.	b2
1094	fortunately	adverb.	a2
1095	fortune	n.	b2
1096	forty	number	a1
1097	forward	adverb. adj	a2, b2
1098	found	v.	b2
1099	four	number	a1
1100	fourteen	number	a1
1101	fourth	number	a1
1102	frame	n.v	b1
1103	free	adjective.,adverb.,v	a1,a2,b2
1104	freedom	n.	b2
1105	freeze	v.	b1
1106	frequency	n.	b2
1107	frequently	adverb.	b1
1108	fresh	adjective.	a2
1109	friday	n.	a1
1110	fridge	n.	a2
1111	friend	n.	a1
1112	friendly	adjective.	a1
1113	friendship	n.	b1
1114	frighten	v.	b1
1115	frightened	adjective.	b1
1116	frightening	adjective.	b1
1117	frog	n.	a2
1118	from	prep.	a1
1119	front	n.adj	a1
1120	frozen	adjective.	b1
1121	fruit	n.	a1
1122	fry	v.	b1
1123	fuel	n.v.	b1, b2
1124	full	adjective.	a1
1125	fully	adverb.	b2
1126	fun	n., adj	a1, a2
1127	function	n., v	b1, b2
1128	fund	n. v	b2
1129	fundamental	adjective.	b2
1130	funding	n.	b2
1131	funny	adjective.	a1
1132	fur	n.	b1
1133	furniture	n.	a2
1134	further	adjective., adverb	a2, b1
1135	furthermore	adverb.	b2
1136	future	n., adjective.	a1, a2
1137	gain	v. n	b2
1138	gallery	n.	a2
1139	game	n.	a1
1140	gang	n.	b2
1141	gap	n.	a2
1142	garage	n.	b1
1143	garden	n.	a1
1144	gas	n.	a2
1145	gate	n.	a2
1146	gather	v.	b1
1147	general	adjective.	a2
1148	generally	adverb.	b1
1149	generate	v.	b2
1150	generation	n.	b1
1151	generous	adjective.	b1
1152	genre	n.	b2
1153	gentle	adjective.	b1
1154	gentleman	n.	b1
1155	geography	n.	a1
1156	get	v.	a1
1157	ghost	n.	b1
1158	giant	adjective.n	b1
1159	gift	n.	a2
1160	girl	n.	a1
1161	girlfriend	n.	a1
1162	give	v.	a1
1163	glad	adjective.	b1
1164	glass	n.	a1
1165	global	adjective.	b1
1166	glove	n.	b1
1167	go	v., n	a1, b1
1168	goal	n.	a2
1169	god	n.	a2
1170	gold	n.adj	a2
1171	golf	n.	a2
1172	good	adjective.,n	a1, a2
1173	goodbye	exclam./n.	a1
1174	goods	n.	b1
1175	govern	v.	b2
1176	government	n.	a2
1177	grab	v.	b2
1178	grade	n., v	b1, b2
1179	gradually	adverb.	b2
1180	graduate	n. v.	b1
1181	grain	n.	b1
1182	grand	adjective.	b2
1183	grandfather	n.	a1
1184	grandmother	n.	a1
1185	grandparent	n.	a1
1186	grant	v., n	b2
1187	grass	n.	a2
1188	grateful	adjective.	b1
1189	great	adjective.	a1
1190	green	adjective. n.	a1
1191	greet	v.	a2
1192	grey	adjective. n	a1
1193	ground	n.	a2
1194	group	n.	a1
1195	grow	v.	a1
1196	growth	n.	b1
1197	guarantee	v. n.	b2
1198	guard	n.v.	b1
1199	guess	v.n	a1
1200	guest	n.	a2
1201	guide	n.v	a2
1202	guilty	adjective.	b1
1203	guitar	n.	a1
1204	gun	n.	a2
1205	guy	n.	a2
1206	gym	n.	a1
1207	habit	n.	a2
1208	hair	n.	a1
1209	half	n.det.pron., adverb	a1, a2
1210	hall	n.	a2
1211	hand	n., v	a1, b1
1212	handle	v.n	b2
1213	hang	v.	b1
1214	happen	v.	a1
1215	happily	adverb.	a2
1216	happiness	n.	b1
1217	happy	adjective.	a1
1218	hard	adjective.adverb.	a1
1219	hardly	adverb.	b1
1220	harm	n.,v	b2
1221	harmful	adjective.	b2
1222	hat	n.	a1
1223	hate	v.,n.	a1, b1
1224	have	v., auxiliary v.	a1, a2
1225	have to modal	v.	a1
1226	he	pron.	a1
1227	head	n., v.	a1, b1
1228	headache	n.	a2
1229	headline	n.	b1
1230	health	n.	a1
1231	healthy	adjective.	a1
1232	hear	v.	a1
1233	hearing	n.	b2
1234	heart	n.	a2
1235	heat	n.v.	a2
1236	heating	n.	b1
1237	heaven	n.	b2
1238	heavily	adverb.	b1
1239	heavy	adjective.	a2
1240	heel	n.	b2
1241	height	n.	a2
1242	helicopter	n.	b1
1243	hell	n.	b2
1244	hello	exclam./n.	a1
1245	help	v.n.	a1
1246	helpful	adjective.	a2
1247	her	pron.det.	a1
1248	here	adverb.	a1
1249	hero	n.	a2
1250	hers	pron.	a2
1251	herself	pron.	a2
1252	hesitate	v.	b2
1253	hey	exclam.	a1
1254	hi	exclam.	a1
1255	hide	v.	a2
1256	high	adjective., adverb., n.	a1, a2, b2
1257	highlight	v.n.	b1
1258	highly	adverb.	b1
1259	hill	n.	a2
1260	him	pron.	a1
1261	himself	pron.	a2
1262	hire	v.n.	b1, b2
1263	his	det. pron.	a1, a2
1264	historic	adjective.	b1
1265	historical	adjective.	b1
1266	history	n.	a1
1267	hit	v.n.	a2
1268	hobby	n.	a1
1269	hockey	n.	a2
1270	hold	v., n.	a2, b2
1271	hole	n.	a2
1272	holiday	n.	a1
1273	hollow	adjective.	b2
1274	holy	adjective.	b2
1275	home	n.adverb., adj	a1, a2
1276	homework	n.	a1
1277	honest	adjective.	b1
1278	honour	n.v.	b2
1279	hope	v., n.	a1, a2
1280	horrible	adjective.	b1
1281	horror	n.	b1
1282	horse	n.	a1
1283	hospital	n.	a1
1284	host	n., v.	b1, b2
1285	hot	adjective.	a1
1286	hotel	n.	a1
1287	hour	n.	a1
1288	house	n., v.	a1, b2
1289	household	n.	b2
1290	housing	n.	b2
1291	how	adverb.	a1
1292	however	adverb.	a1
1293	huge	adjective.	a2
1294	human	adjective.n.	a2
1295	humorous	adjective.	b2
1296	humour	n.	b2
1297	hundred	number	a1
1298	hungry	adjective.	a1
1299	hunt	v., n.	b1, b2
1300	hunting	n.	b2
1301	hurricane	n.	b1
1302	hurry	n.v.	b1
1303	hurt	v.adjective., n.	a2, b2
1304	husband	n.	a1
1305	i	pron.	a1
1306	ice	n.	a1
1307	ice cream	n.	a1
1308	idea	n.	a1
1309	ideal	adjective., n	a2, b2
1310	identify	v.	a2
1311	identity	n.	b1
1312	if	conj.	a1
1313	ignore	v.	b1
1314	ill	adjective.	a2
1315	illegal	adjective.	b1
1316	illness	n.	a2
1317	illustrate	v.	b2
1318	illustration	n.	b2
1319	image	n.	a2
1320	imaginary	adjective.	b1
1321	imagination	n.	b2
1322	imagine	v.	a1
1323	immediate	adjective.	b1
1324	immediately	adverb.	a2
1325	immigrant	n.	b1
1326	impact	n.v.	b1
1327	impatient	adjective.	b2
1328	imply	v.	b2
1329	import	n.v.	b1
1330	importance	n.	b1
1331	important	adjective.	a1
1332	impose	v.	b2
1333	impossible	adjective.	a2
1334	impress	v.	b2
1335	impressed	adjective.	b2
1336	impression	n.	b1
1337	impressive	adjective.	b1
1338	improve	v.	a1
1339	improvement	n.	b1
1340	in	prep., adverb.	a1
1341	inch	n.	b2
1342	incident	n.	b2
1343	include	v.	a1
1344	included	adjective.	a2
1345	including	prep.	a2
1346	income	n.	b2
1347	increase	v., n.	a2
1348	increasingly	adverb.	b2
1349	incredible	adjective.	a2
1350	incredibly	adverb.	b1
1351	indeed	adverb.	b1
1352	independent	adjective.	a2
1353	indicate	v.	b1
1354	indirect	adjective.	b1
1355	individual	n., adj	a2
1356	indoor	adjective.	b1
1357	indoors	adverb.	b1
1358	industrial	adjective.	b2
1359	industry	n.	a2
1360	infection	n.	b2
1361	influence	n.v.	b1
1362	inform	v.	b2
1363	informal	adjective.	a2
1364	information	n.	a1
1365	ingredient	n.	b1
1366	initial	adjective.	b2
1367	initially	adverb.	b2
1368	initiative	n.	b2
1369	injure	v.	b1
1370	injured	adjective.	b1
1371	injury	n.	a2
1372	inner	adjective.	b2
1373	innocent	adjective.	b1
1374	insect	n.	a2
1375	inside	prep.adverb.n.adjective.	a2
1376	insight	n.	b2
1377	insist	v.	b2
1378	inspire	v.	b2
1379	install	v.	b2
1380	instance	n.	b2
1381	instead	adverb.	a2
1382	institute	n.	b2
1383	institution	n.	b2
1384	instruction	n.	a2
1385	instructor	n.	a2
1386	instrument	n.	a2
1387	insurance	n.	b2
1388	intelligence	n.	b1
1389	intelligent	adjective.	a2
1390	intend	v.	b1
1391	intended	adjective.	b2
1392	intense	adjective.	b2
1393	intention	n.	b1
1394	interest	n.v.	a1
1395	interested	adjective.	a1
1396	interesting	adjective.	a1
1397	internal	adjective.	b2
1398	international	adjective.	a2
1399	internet	n.	a1
1400	interpret	v.	b2
1401	interrupt	v.	b2
1402	interview	n.v.	a1
1403	into	prep.	a1
1404	introduce	v.	a1
1405	introduction	n.	a2
1406	invent	v.	a2
1407	invention	n.	a2
1408	invest	v.	b1
1409	investigate	v.	b1
1410	investigation	n.	b2
1411	investment	n.	b2
1412	invitation	n.	a2
1413	invite	v.	a2
1414	involve	v.	a2
1415	involved	adjective.	b1
1416	iron	n.v.	b1
1417	island	n.	a1
1418	issue	n., v.	b1, b2
1419	it	n.	b1
1420	it	pron.	a1
1421	item	n.	a2
1422	its	det.	a1
1423	itself	pron.	a2
1424	jacket	n.	a1
1425	jam	n.	a2
1426	january	n.	a1
1427	jazz	n.	a2
1428	jeans	n.	a1
1429	jewellery	n.	a2
1430	job	n.	a1
1431	join	v.	a1
1432	joke	n.v.	a2
1433	journal	n.	b1
1434	journalist	n.	a2
1435	journey	n.	a1
1436	joy	n.	b2
1437	judge	n.v.	b1
1438	judgement	n.	b2
1439	juice	n.	a1
1440	july	n.	a1
1441	jump	v.n.	a2
1442	june	n.	a1
1443	junior	adjective.	b2
1444	just	adverb.	a1
1445	justice	n.	b2
1446	justify	v.	b2
1447	keen	adjective.	b1
1448	keep	v.	a1
1449	key	n., adjective.v.	a1, b1
1450	keyboard	n.	b1
1451	kick	v. n.	b1
1452	kid	n.	a2
1453	kill	v.	a2
1454	killing	n.	b1
1455	kilometre	n.	a1
1456	kind(type)	n.	a1
1457	kind(caring)	adjective.	b1
1458	king	n.	a2
1459	kiss	v.n.	b1
1460	kitchen	n.	a1
1461	knee	n.	a2
1462	knife	n.	a2
1463	knock	v., n.	a2, b1
1464	know	v.	a1
1465	knowledge	n.	a2
1466	lab	n.	a2
1467	label	n. v.	b1
1468	laboratory	n.	b1
1469	labour	n.	b2
1470	lack	n.v.	b1
1471	lady	n.	a2
1472	lake	n.	a2
1473	lamp	n.	a2
1474	land	n., v.	a1, a2
1475	landscape	n.	b2
1476	language	n.	a1
1477	laptop	n.	a2
1478	large	adjective.	a1
1479	largely	adverb.	b2
1480	last1 (final)	det., adverb.n	a1, a2
1481	last1 (taking time)	v.	a2
1482	late	adjective. adverb.	a1
1483	later	adverb., adjective.	a1, a2
1484	latest	adjective., n.	b1, b2
1485	laugh	v. n.	a1
1486	laughter	n.	a2
1487	launch	v.n.	b2
1488	law	n.	a2
1489	lawyer	n.	a2
1490	lay	v.	b1
1491	layer	n.	b1
1492	lazy	adjective.	a2
1493	lead	v., n.	a2, b1
1494	leader	n.	a2
1495	leadership	n.	b2
1496	leading	adjective.	b1
1497	leaf	n.	b1
1498	league	n.	b2
1499	lean	v.	b2
1500	learn	v.	a1
1501	learning	n.	a2
1502	least	det./pron. adverb.	a2
1503	leather	n.	b1
1504	leave	v., n.	a1, b2
1505	lecture	n. v.	a2
1506	left	adjective. adverb. v	a1
1507	leg	n.	a1
1508	legal	adjective.	b1
1509	leisure	n.	b1
1510	lemon	n.	a2
1511	lend	v.	a2
1512	length	n.	b1
1513	less	det./pron. adverb.	a2
1514	lesson	n.	a1
1515	let	v.	a1
1516	letter	n.	a1
1517	level	n., adjective., v	a2, b1, b2
1518	library	n.	a1
1519	licence	n.	b2
1520	lie	v.	a1
1521	lie (tell a lie)	v. n.	b2
1522	life	n.	a1
1523	lifestyle	n.	a2
1524	lift	v.,	n.
1525	light (from the sun/a lamp)	n. adverb., v	a1, a2
1526	light (not heavy)	adjective.	a2
1527	like (similar)	prep.	a1
1528	like (find sb/sth pleasant)	v., n	a1, b1
1529	 	n.	b1
1530	likely	adjective.	a2
1531	limit	n. v.	b1
1532	limited	adjective.	b2
1533	line	n., v.	a1, b2
1534	link	n. v.	a2
1535	lion	n.	a1
1536	lip	n.	b1
1537	liquid	n. adjective.	b1
1538	list	n. v.	a1
1539	listen	v.	a1
1540	listener	n.	a2
1541	literature	n.	b1
1542	little	adjective. det./pron., adverb	a1, a2
1543	live	v.	a1
1544	live	adjective. adverb.	b1
1545	lively	adjective.	b2
1546	living	adjective. n.	b1
1547	load	n.v.	b2
1548	loan	n.	b2
1549	local	adjective., n.	a1, b1
1550	locate	v.	b1
1551	located	adjective.	b1
1552	location	n.	b1
1553	lock	v. n.	a2
1554	logical	adjective.	b2
1555	lonely	adjective.	b1
1556	long	adjective. adverb.	a1
1557	long-term	adjective. adverb.	b2
1558	look	v., n.	a1, a2
1559	loose	adjective.	b2
1560	lord	n.	b2
1561	lorry	n.	a2
1562	lose	v.	a1
1563	loss	n.	b1
1564	lost	adjective.	a2
1565	lot	pron. det. adverb.	a1
1566	loud	adjective. adverb.	a2
1567	loudly	adverb.	a2
1568	love	n. v.	a1
1569	lovely	adjective.	a2
1570	low	adjective. adverb., n	a2, b2
1571	lower	v.	b2
1572	luck	n.	a2
1573	lucky	adjective.	a2
1574	lunch	n.	a1
1575	lung	n.	b2
1576	luxury	n.	b1
1577	machine	n.	a1
1578	mad	adjective.	b1
1579	magazine	n.	a1
1580	magic	n. adjective.	b1
1581	mail	n. v.	a2
1582	main	adjective.	a1
1583	mainly	adverb.	b1
1584	maintain	v.	b2
1585	major	adjective.	a2
1586	majority	n.	b2
1587	make	v., n.	a1, b2
1588	male	adjective. n.	a2
1589	mall	n.	b1
1590	man	n.	a1
1591	manage	v.	a2
1592	management	n.	b1
1593	manager	n.	a2
1594	manner	n.	a2
1595	many	det./pron.	a1
1596	map	n., v.	a1, b2
1597	march	n.	a1
1598	mark	v. n.	a2
1599	market	n., v.	a1, b1
1600	marketing	n.	b1
1601	marriage	n.	b1
1602	married	adjective.	a1
1603	marry	v.	a2
1604	mass	n. adjective.	b2
1605	massive	adjective.	b2
1606	master	n. v.	b2
1607	match (contest/correspond)	n. v.	a1
1608	matching	adjective.	b2
1609	material	n., adjective.	a2, b2
1610	mathematics	n.	a2
1611	maths	n.	a2
1612	matter	n. v.	a2
1613	maximum	adjective. n.	b2
1614	may	n.	a1
1615	may modal	v.	a2
1616	maybe	adverb.	a1
1617	me	pron.	a1
1618	meal	n.	a1
1619	mean	v.	a1
1620	meaning	n.	a1
1621	means	n.	b2
1622	meanwhile	adverb.	b1
1623	measure	v. n.	b1
1624	measurement	n.	b2
1625	meat	n.	a1
1626	media	n.	a2
1627	medical	adjective.	a2
1628	medicine	n.	a2
1629	medium	adjective., n.	b1, b2
1630	meet	v.	a1
1631	meeting	n.	a1
1632	melt	v.	b2
1633	member	n.	a1
1634	memory	n.	a2
1635	mental	adjective.	b1
1636	mention	v., n.	a2, b1
1637	menu	n.	a1
1638	mess	n. v.	b1
1639	message	n.	a1
1640	metal	n.	a2
1641	method	n.	a2
1642	metre	n.	a1
1643	middle	n. adjective.	a2
1644	midnight	n.	a1
1645	might modal	v.	a2
1646	mild	adjective.	b1
1647	mile	n.	a1
1648	military	adjective. n.	b2
1649	milk	n.	a1
1650	million number		a1
1651	mind	n. v.	a2
1652	mine (belongs to me)	pron.	a2
1653	mine (hole in the ground)	n	b1
1654	mineral	n.	b2
1655	minimum	adjective. n.	b2
1656	minister	n.	b2
1657	minor	adjective.	b2
1658	minority	n.	b2
1659	minute	n.	a1
1660	mirror	n.	a2
1661	miss	v.	a1
1662	missing	adjective.	a2
1663	mission	n.	b2
1664	mistake	n., v.	a1, b2
1665	mix	v. n.	b1
1666	mixed	adjective.	b2
1667	mixture	n.	b1
1668	mobile	adjective. n.	a2
1669	model	n., v.	a1, b2
1670	modern	adjective.	a1
1671	modify	v.	b2
1672	moment	n.	a1
1673	monday	n.	a1
1674	money	n.	a1
1675	monitor	n. v.	b2
1676	monkey	n.	a2
1677	month	n.	a1
1678	mood	n.	b1
1679	moon	n.	a2
1680	moral	adjective. n.	b2
1681	more	det./pron. adverb.	a1
1682	morning	n.	a1
1683	most	det./pron. adverb.	a1
1684	mostly	adverb.	a2
1685	mother	n.	a1
1686	motor	n. adjective.	b2
1687	motorcycle	n.	a2
1688	mount	v.	b2
1689	mountain	n.	a1
1690	mouse	n.	a1
1691	mouth	n.	a1
1692	move	v., n.	a1, b1
1693	movement	n.	a2
1694	movie	n.	a1
1695	much	det./pron. adverb.	a1
1696	mud	n.	b1
1697	multiple	adjective.	b2
1698	multiply	v.	b2
1699	mum	n.	a1
1700	murder	n.v.	b1
1701	muscle	n.	b1
1702	museum	n.	a1
1703	music	n.	a1
1704	musical	adjective., n.	a2, b1
1705	musician	n.	a2
1706	must modal	v.	a1
1707	my	det.	a1
1708	myself	pron.	a2
1709	mysterious	adjective.	b2
1710	mystery	n.	b1
1711	nail	n.	b1
1712	name	n. v.	a1
1713	narrative	n. adjective.	b1
1714	narrow	adjective., v.	a2, b2
1715	nation	n.	b1
1716	national	adjective., n.	a2, b2
1717	native	adjective. n.	b1
1718	natural	adjective.	a1
1719	naturally	adverb.	b1
1720	nature	n.	a2
1721	near	prep. adjective. adverb.	a1
1722	nearly	adverb.	a2
1723	neat	adjective.	b2
1724	necessarily	adverb.	b1
1725	necessary	adjective.	a2
1726	neck	n.	a2
1727	need	v., n., modal v.	a1, a2, b1
1728	needle	n.	b1
1729	negative	adjective., n.	a1, b2
1730	neighbour	n.	a1
1731	neighbourhood	n.	b1
1732	neither	det./pron., adverb.	a2, b1
1733	nerve	n.	b2
1734	nervous	adjective.	a2
1735	net	n.	b1
1736	network	n.	a2
1737	never	adverb.	a1
1738	nevertheless	adverb.	b2
1739	new	adjective.	a1
1740	news	n.	a1
1741	newspaper	n.	a1
1742	next	adjective. adverb., n.	a1, b1
1743	next to	prep.	a1
1744	nice	adjective.	a1
1745	night	n.	a1
1746	nightmare	n.	b2
1747	nine	number	a1
1748	nineteen	number	a1
1749	ninety	number	a1
1750	no	exclam. det.	a1
1751	no one	pron.	a1
1752	nobody	pron.	a1
1753	noise	n.	a2
1754	noisy	adjective.	a2
1755	none	pron.	a2
1756	nor	conj./adverb.	b1
1757	normal	adjective., n.	a2, b1
1758	normally	adverb.	a2
1759	north	n. adjective. adverb.	a1
1760	northern	adjective.	b1
1761	nose	n.	a1
1762	not	adverb.	a1
1763	note	n. v.	a1, b1
1764	nothing	pron.	a1
1765	notice	v. n.	a2
1766	notion	n.	b2
1767	novel	n.	a2
1768	november	n.	a1
1769	now	adverb., conj.	a1, b1
1770	nowhere	adverb.	a2
1771	nuclear	adjective.	b1
1772	number	n., v.	a1, a2
1773	numerous	adjective.	b2
1774	nurse	n.	a1
1775	nut	n.	a2
1776	obey	v.	b2
1777	object	n. v.	a1, b2
1778	objective	n. adjective.	b2
1779	obligation	n.	b2
1780	observation	n.	b2
1781	observe	v.	b2
1782	obtain	v.	b2
1783	obvious	adjective.	b1
1784	obviously	adverb.	b1
1785	occasion	n.	b1
1786	occasionally	adverb.	b2
1787	occur	v.	b1
1788	ocean	n.	a2
1789	oâ€™clock	adverb.	a1
1790	october	n.	a1
1791	odd	adjective.	b1
1792	of	prep.	a1
1793	off	adverb. prep.	a1
1794	offence	n.	b2
1795	offend	v.	b2
1796	offensive	adjective.	b2
1797	offer	v. n.	a2
1798	office	n.	a1
1799	officer	n.	a2
1800	official	adjective., n.	b1, b2
1801	often	adverb.	a1
1802	oh	exclam.	a1
1803	oil	n.	a2
1804	ok	exclam. adjective./adverb.	a1
1805	old	adjective.	a1
1806	old-fashioned	adjective.	b1
1807	on	prep. adverb.	a1
1808	once	adverb., conj.	a1, b1
1809	one	number-det. pron.	a1
1810	onion	n.	a1
1811	online	adjective. adverb.	a1
1812	only	adjective. adverb.	a1
1813	onto	prep.	a2
1814	open	adjective. v.	a1
1815	opening	n.	b2
1816	operate	v.	b2
1817	operation	n.	b1
1818	opinion	n.	a1
1819	opponent	n.	b2
1820	opportunity	n.	a2
1821	oppose	v.	b2
1822	opposed	adjective.	b2
1823	opposite	adjective. adverb. prep. n.	a1
1824	opposition	n.	b2
1825	option	n.	a2
1826	or	conj.	a1
1827	orange	n. adjective.	a1
1828	order	n. v.	a1
1829	ordinary	adjective.	a2
1830	organ	n.	b2
1831	organization	n.	a2
1832	organize	v.	a2
1833	organized	adjective.	b1
1834	organizer	n.	b1
1835	origin	n.	b2
1836	original	adjective., n.	a2, b1
1837	originally	adverb.	b1
1838	other	adjective./pron.	a1
1839	otherwise	adverb.	b2
1840	ought	modal v.	b1
1841	our	det.	a1
1842	ours	pron.	b1
1843	ourselves	pron.	a2
1844	out	adverb./prep.	a1
1845	outcome	n.	b2
1846	outdoor	adjective.	b1
1847	outdoors	adverb.	b1
1848	outer	adjective.	b2
1849	outline	n. v.	b2
1850	outside	adverb., prep. noun. adjective.	a1, a2
1851	oven	n.	a2
1852	over	prep. adverb.	a1
1853	overall	adjective. adverb.	b2
1854	owe	v.	b2
1855	own	adjective./pron., v.	a1, a2
1856	owner	n.	a2
1857	pace	n., v.	b2
1858	pack	v., n.	a2, b1
1859	package	n., v.	b1, b2
1860	page	n.	a1
1861	pain	n.	a2
1862	painful	adjective.	b1
1863	paint	v. n.	a1
1864	painter	n.	a2
1865	painting	n.	a1
1866	pair	n.	a1
1867	palace	n.	a2
1868	pale	adjective.	b1
1869	pan	n.	b1
1870	panel	n.	b2
1871	pants	n.	a2
1872	paper	n.	a1
1873	paragraph	n.	a1
1874	parent	n.	a1
1875	park	n. v.	a1
1876	parking	n.	a2
1877	parliament	n.	b2
1878	part	n.	a1
1879	participant	n.	b2
1880	participate	v.	b1
1881	particular	adjective.	a2
1882	particularly	adverb.	b1
1883	partly	adverb.	b2
1884	partner	n.	a1
1885	party	n.	a1
1886	pass	v., n.	a2, b1
1887	passage	n.	b2
1888	passenger	n.	a2
1889	passion	n.	b1
1890	passport	n.	a1
1891	past	adjective. n. prep., adverb.	a1, a2
1892	path	n.	b1
1893	patient	n., adjective.	a2, b2
1894	pattern	n.	a2
1895	pay	v., n.	a1, a2
1896	payment	n.	b1
1897	peace	n.	a2
1898	peaceful	adjective.	b1
1899	pen	n.	a1
1900	pencil	n.	a1
1901	penny	n.	a2
1902	pension	n.	b2
1903	people	n.	a1
1904	pepper	n.	a1
1905	per	prep.	a2
1906	per cent	n. adjective./adverb.	a2
1907	percentage	n.	b1
1908	perfect	adjective.	a1
1909	perfectly	adverb.	b1
1910	perform	v.	a2
1911	performance	n.	b1
1912	perhaps	adverb.	a2
1913	period	n.	a1
1914	permanent	adjective.	b2
1915	permission	n.	a2
1916	permit	v. n.	b2
1917	person	n.	a1
1918	personal	adjective.	a1
1919	personality	n.	a2
1920	personally	adverb.	b1
1921	perspective	n.	b2
1922	persuade	v.	b1
1923	pet	n.	a2
1924	petrol	n.	a2
1925	phase	n.	b2
1926	phenomenon	n.	b2
1927	philosophy	n.	b2
1928	phone	n. v.	a1
1929	photo	n.	a1
1930	photograph	n., v.	a1, a2
1931	photographer	n.	b1
1932	photography	n.	b1
1933	phrase	n.	a1
1934	physical	adjective.	a2
1935	physics	n.	a2
1936	piano	n.	a1
1937	pick	v., n.	a2, b2
1938	picture	n., v.	a1, b2
1939	piece	n.	a1
1940	pig	n.	a1
1941	pile	n. v.	b2
1942	pilot	n.	a2
1943	pin	n. v.	b1
1944	pink	adjective. n.	a1
1945	pipe	n.	b1
1946	pitch	n.	b2
1947	place	n., v.	a1, b1
1948	plain	adjective.	b2
1949	plan	n. v.	a1
1950	plane	n.	a1
1951	planet	n.	a2
1952	planning	n.	b1
1953	plant	n., v.	a1, a2
1954	plastic	n. adjective.	a2
1955	plate	n.	a2
1956	platform	n.	a2
1957	play	v. n.	a1
1958	player	n.	a1
1959	pleasant	adjective.	b1
1960	please	exclam., v.	a1, a2
1961	pleased	adjective.	a2
1962	pleasure	n.	b1
1963	plenty	pron.	b1
1964	plot	n., v.	b1, b2
1965	plus	prep., adjective. conj., n.	b1, b2
1966	pocket	n.	a2
1967	poem	n.	b1
1968	poet	n.	b1
1969	poetry	n.	b1
1970	point	n., v.	a1, b1
1971	pointed	adjective.	b2
1972	poison	n. v.	b1
1973	poisonous	adjective.	b1
1974	police	n.	a1
1975	policeman	n.	a1
1976	policy	n.	b1
1977	polite	adjective.	a2
1978	political	adjective.	b1
1979	politician	n.	b1
1980	politics	n.	b1
1981	pollution	n.	a2
1982	pool	n.	a1
1983	poor	adjective.	a1
1984	pop	n. adjective.	a2
1985	popular	adjective.	a1
1986	popularity	n.	b2
1987	population	n.	a2
1988	port	n.	b1
1989	portrait	n.	b1
1990	pose	v.	b2
1991	position	n., v.	a2, b2
1992	positive	adjective., n.	a1, b2
1993	possess	v.	b2
1994	possession	n.	a2
1995	possibility	n.	a2
1996	possible	adjective.	a1
1997	possibly	adverb.	b1
1998	post	n. v.	a1
1999	poster	n.	a2
2000	pot	n.	b1
2001	potato	n.	a1
2002	potential	adjective. n.	b2
2003	pound	n.	a1
2004	pour	v.	b1
2005	poverty	n.	b1
2006	powder	n.	b1
2007	power	n., v.	a2, b2
2008	powerful	adjective.	b1
2009	practical	adjective.	b1
2010	practice	n.	a1
2011	practise	v.	a1
2012	praise	n. v.	b2
2013	pray	v.	b1
2014	prayer	n.	b1
2015	predict	v.	a2
2016	prediction	n.	b1
2017	prefer	v.	a1
2018	pregnant	adjective.	b2
2019	preparation	n.	b2
2020	prepare	v.	a1
2021	prepared	adjective.	b1
2022	presence	n.	b2
2023	present	adjective. n., v.	a1, a2
2024	presentation	n.	b1
2025	preserve	v.	b2
2026	president	n.	a2
2027	press	v. n.	b1
2028	pressure	n.	b1
2029	pretend	v.	b1
2030	pretty	adjective. adverb.	a1
2031	prevent	v.	a2
2032	previous	adjective.	b1
2033	previously	adverb.	b1
2034	price	n., v.	a1, b2
2035	priest	n.	b1
2036	primary	adjective.	b1
2037	prime	adjective.	b2
2038	prince	n.	b1
2039	princess	n.	b1
2040	principle	n.	b2
2041	print	v., n.	a2, b2
2042	printer	n.	a2
2043	printing	n.	b1
2044	priority	n.	b2
2045	prison	n.	a2
2046	prisoner	n.	b1
2047	privacy	n.	b2
2048	private	adjective.	b1
2049	prize	n.	a2
2050	probably	adverb.	a1
2051	problem	n.	a1
2052	procedure	n.	b2
2053	process	n., v.	a2, b2
2054	produce	v., v.	a2, b2
2055	producer	n.	b1
2056	product	n.	a1
2057	production	n.	b1
2058	profession	n.	b1
2059	professional	adjective., n.	a2, b2
2060	professor	n.	a2
2061	profile	n.	a2
2062	profit	n.	b1
2063	program	n., v.	a2, b1
2064	programme	n.	a1
2065	progress	n., v.	a2, b2
2066	project	n., v.	a1, b2
2067	promise	v. n.	a2
2068	promote	v.	b1
2069	pronounce	v.	a2
2070	proof	n.	b2
2071	proper	adjective.	b1
2072	properly	adverb.	b1
2073	property	n.	b1
2074	proposal	n.	b2
2075	propose	v.	b2
2076	prospect	n.	b2
2077	protect	v.	a2
2078	protection	n.	b2
2079	protest	n. v.	b1
2080	proud	adjective.	b1
2081	prove	v.	b1
2082	provide	v.	a2
2083	psychologist	n.	b2
2084	psychology	n.	b2
2085	pub	n.	a2
2086	public	adjective. n.	a2
2087	publication	n.	b2
2088	publish	v.	a2
2089	pull	v., n.	a2, b1
2090	punish	v.	b1
2091	punishment	n.	b1
2092	pupil	n.	b2
2093	purchase	n. v.	b2
2094	pure	adjective.	b2
2095	purple	adjective. n.	a1
2096	purpose	n.	a2
2097	pursue	v.	b2
2098	push	v., n.	a2, b1
2099	put	v.	a1
2100	qualification	n.	b1
2101	qualified	adjective.	b1
2102	qualify	v.	b1
2103	quality	n.	a2
2104	quantity	n.	a2
2105	quarter	n.	a1
2106	queen	n.	a2
2107	question	n., v.	a1, a2
2108	queue	n. v.	b1
2109	quick	adjective.	a1
2110	quickly	adverb.	a1
2111	quiet	adjective.	a1
2112	quietly	adverb.	a2
2113	quit	v.	b1
2114	quite	adverb.	a1
2115	quotation	n.	b1
2116	quote	v. n.	b1
2117	race (competition)	n.v.	a2
2118	race (people)	n.	b1
2119	racing	n.	b1
2120	radio	n.	a1
2121	railway	n.	a2
2122	rain	n. v.	a1
2123	raise	v.	a2
2124	range	n., v.	b1, b2
2125	rank	n. v.	b2
2126	rapid	adjective.	b2
2127	rapidly	adverb.	b2
2128	rare	adjective.	b1
2129	rarely	adverb.	b1
2130	rate	n., v.	a2, b2
2131	rather	adverb.	a2
2132	raw	adjective.	b2
2133	reach	v., n.	a2, b2
2134	react	v.	a2
2135	reaction	n.	b1
2136	read	v.	a1
2137	reader	n.	a1
2138	reading	n.	a1
2139	ready	adjective.	a1
2140	real	adjective.	a1
2141	realistic	adjective.	b2
2142	reality	n.	b1
2143	realize	v.	a2
2144	really	adverb.	a1
2145	reason	n.	a1
2146	reasonable	adjective.	b2
2147	recall	v.	b2
2148	receipt	n.	b1
2149	receive	v.	a2
2150	recent	adjective.	a2
2151	recently	adverb.	a2
2152	reception	n.	a2
2153	recipe	n.	a2
2154	recognize	v.	a2
2155	recommend	v.	a2
2156	recommendation	n.	b1
2157	record	n. v.	a2
2158	recording	n.	a2
2159	recover	v.	b2
2160	recycle	v.	a2
2161	red	adjective. n.	a1
2162	reduce	v.	a2
2163	reduction	n.	b2
2164	refer	v.	a2
2165	reference	n.	b1
2166	reflect	v.	b1
2167	refuse	v.	a2
2168	regard	v. n.	b2
2169	region	n.	a2
2170	regional	adjective.	b2
2171	register	v. n.	b2
2172	regret	v. n.	b2
2173	regular	adjective.	a2
2174	regularly	adverb.	b1
2175	regulation	n.	b2
2176	reject	v.	b1
2177	relate	v.	b1
2178	related	adjective.	b1
2179	relation	n.	b1
2180	relationship	n.	a2
2181	relative	adjective. n.	b1
2182	relatively	adverb.	b2
2183	relax	v.	a1
2184	relaxed	adjective.	b1
2185	relaxing	adjective.	b1
2186	release	v. n.	b1
2187	relevant	adjective.	b2
2188	reliable	adjective.	b1
2189	relief	n.	b2
2190	religion	n.	b1
2191	religious	adjective.	b1
2192	rely	v.	b2
2193	remain	v.	b1
2194	remark	n. v.	b2
2195	remember	v.	a1
2196	remind	v.	b1
2197	remote	adjective.	b1
2198	remove	v.	a2
2199	rent	n. v.	b1
2200	repair	v., n.	a2, b1
2201	repeat	v., n.	a1, b1
2202	repeated	adjective.	b1
2203	replace	v.	a2
2204	reply	v. n.	a2
2205	report	n., v.	a1, a2
2206	reporter	n.	a2
2207	represent	v.	b1
2208	representative	n. adjective.	b2
2209	reputation	n.	b2
2210	request	n., v.	a2, b1
2211	require	v.	b1
2212	requirement	n.	b2
2213	rescue	v. n.	b2
2214	research	n. v.	a2
2215	researcher	n.	a2
2216	reservation	n.	b1
2217	reserve	n. v.	b2
2218	resident	n.adjective.	b2
2219	resist	v.	b2
2220	resolve	v.	b2
2221	resort	n.	b2
2222	resource	n.	b1
2223	respect	n. v.	b1
2224	respond	v.	a2
2225	response	n.	a2
2226	responsibility	n.	b1
2227	responsible	adjective.	b1
2228	rest (remaining part)	n.	a2
2229	rest (sleep/relax)	n. v.	a2
2230	restaurant	n.	a1
2231	result	n., v.	a1, b1
2232	retain	v.	b2
2233	retire	v.	b1
2234	retired	adjective.	b1
2235	return	v. n.	a1
2236	reveal	v.	b2
2237	review	n. v.	a2
2238	revise	v.	b1
2239	revolution	n.	b2
2240	reward	n. v.	b2
2241	rhythm	n.	b2
2242	rice	n.	a1
2243	rich	adjective.	a1
2244	rid	v.	b2
2245	ride	v., n.	a1, a2
2246	right	adjective. adverb. n.	a1
2247	ring	n.	a2
2248	ring	v., n.	a2, b1
2249	rise	v., n.	a2, b1
2250	risk	n. v.	b1
2251	river	n.	a1
2252	road	n.	a1
2253	robot	n.	b1
2254	rock (stone)	n.	a2
2255	rock (music)	n.	a2
2256	role	n.	a2
2257	roll	v. n.	b1
2258	romantic	adjective.	b1
2259	roof	n.	a2
2260	room	n.	a1
2261	root	n.	b2
2262	rope	n.	b1
2263	rough	adjective.	b1
2264	round	adjective. adverb. prep., n.	a2, b2
2265	route	n.	a2
2266	routine	n., adjective.	a1, b2
2267	row	n.	b1
2268	royal	adjective.	b1
2269	rub	v.	b2
2270	rubber	n. adjective.	b2
2271	rubbish	n.	a2
2272	rude	adjective.	a2
2273	rugby	n.	b1
2274	rule	n., v.	a1, b1
2275	run	v., n.	a1, a2
2276	runner	n.	a2
2277	running	n.	a2
2278	rural	adjective.	b2
2279	rush	v. n.	b2
2280	sad	adjective.	a1
2281	sadly	adverb.	a2
2282	safe	adjective.	a2
2283	safety	n.	b1
2284	sail	v., n.	a2, b1
2285	sailing	n.	a2
2286	sailor	n.	b1
2287	salad	n.	a1
2288	salary	n.	a2
2289	sale	n.	a2
2290	salt	n.	a1
2291	same	adjective. pron. adverb.	a1
2292	sample	n., v.	b1, b2
2293	sand	n.	b1
2294	sandwich	n.	a1
2295	satellite	n.	b2
2296	satisfied	adjective.	b2
2297	satisfy	v.	b2
2298	saturday	n.	a1
2299	sauce	n.	a2
2300	save	v.	a2
2301	saving	n.	b2
2302	say	v.	a1
2303	scale	n.	b2
2304	scan	v.	b1
2305	scared	adjective.	a2
2306	scary	adjective.	a2
2307	scene	n.	a2
2308	schedule	n., v.	a2, b2
2309	scheme	n.	b2
2310	school	n.	a1
2311	science	n.	a1
2312	scientific	adjective.	b1
2313	scientist	n.	a1
2314	score	v. n.	a2
2315	scream	v. n.	b2
2316	screen	n.,v.	a2, b2
2317	script	n.	b1
2318	sculpture	n.	b1
2319	sea	n.	a1
2320	search	n., v.	a2
2321	season	n.	a2
2322	seat	n., v.	a2, b2
2323	second1 (next after the first)	et./ number, adverb	a1, a2
2324	second1 (unit of time)	n.	a1
2325	secondary	adjective.	b1
2326	secondly	adverb.	a2
2327	secret	adjective. n.	a2
2328	secretary	n.	a2
2329	section	n.	a1
2330	sector	n.	b2
2331	secure	v. adjective.	b2
2332	security	n.	b1
2333	see	v.	a1
2334	seed	n.	b1
2335	seek	v.	b2
2336	seem	v.	a2
2337	select	v.	b2
2338	selection	n.	b2
2339	self	n.	b2
2340	sell	v.	a1
2341	send	v.	a1
2342	senior	adjective.	b2
2343	sense	n., v.	a2, b2
2344	sensible	adjective.	b1
2345	sensitive	adjective.	b2
2346	sentence	n., v.	a1, b2
2347	separate	adjective., v.	a2, b1
2348	september	n.	a1
2349	sequence	n.	b2
2350	series	n.	a2
2351	serious	adjective.	a2
2352	seriously	adverb.	b1
2353	servant	n.	b1
2354	serve	v.	a2
2355	service	n.	a2
2356	session	n.	b2
2357	set (put)	v.	b1
2358	set (group)	n.	b1
2359	setting	n.	b1
2360	settle	v.	b2
2361	seven	number	a1
2362	seventeen	number	a1
2363	seventy	number	a1
2364	several	det./pron.	a2
2365	severe	adjective.	b2
2366	sex	n.	b1
2367	sexual	adjective.	b1
2368	shade	n.	b2
2369	shadow	n.	b2
2370	shake	v., n.	a2, b1
2371	shall	modal v.	a2
2372	shallow	adjective.	b2
2373	shame	n.	b2
2374	shape	n., v.	a2, b2
2375	share	v., n.	a1, b1
2376	sharp	adjective.	b1
2377	she	pron.	a1
2378	sheep	n.	a1
2379	sheet	n.	a2
2380	shelf	n.	b1
2381	shell	n.	b1
2382	shelter	n. v.	b2
2383	shift	n., v.	b1, b2
2384	shine	v.	b1
2385	shiny	adjective.	b1
2386	ship	n., v.	a2, b2
2387	shirt	n.	a1
2388	shock	n. v.	b2
2389	shocked	adjective.	b2
2390	shoe	n.	a1
2391	shoot	v.	b1
2392	shooting	n.	b2
2393	shop	n. v.	a1
2394	shopping	n.	a1
2395	short	adjective.	a1
2396	shot	n.	b2
2397	should	modal v.	a1
2398	shoulder	n.	a2
2399	shout	v. n.	a2
2400	show	v. n.	a1
2401	shower	n.	a1
2402	shut	v. adjective.	a2
2403	shy	adjective.	b1
2404	sick	adjective.	a1
2405	side	n.	a2
2406	sight	n.	b1
2407	sign	n. v.	a2
2408	signal	n. v.	b1
2409	significant	adjective.	b2
2410	significantly	adverb.	b2
2411	silence	n.	b2
2412	silent	adjective.	b1
2413	silk	n.	b2
2414	silly	adjective.	b1
2415	silver	n. adjective.	a2
2416	similar	adjective.	a1
2417	similarity	n.	b1
2418	similarly	adverb.	b1
2419	simple	adjective.	a2
2420	simply	adverb.	b1
2421	since	prep. conj., adverb.	a2, b1
2422	sincere	adjective.	b2
2423	sing	v.	a1
2424	singer	n.	a1
2425	singing	n.	a2
2426	single	adjective. n.	a2
2427	sink	v.	b1
2428	sir	n.	a2
2429	sister	n.	a1
2430	sit	v.	a1
2431	site	n.	a2
2432	situation	n.	a1
2433	six	number	a1
2434	sixteen	number	a1
2435	sixty	number	a1
2436	size	n.	a2
2437	ski	v. n.	a2
2438	skiing	n.	a2
2439	skill	n.	a1
2440	skin	n.	a2
2441	skirt	n.	a1
2442	sky	n.	a2
2443	slave	n.	b2
2444	sleep	v., n.	a1, a2
2445	slice	n. v.	b1
2446	slide	v. n.	b2
2447	slight	adjective.	b2
2448	slightly	adverb.	b1
2449	slip	v.	b2
2450	slope	n. v.	b2
2451	slow	adjective., v.	a1, b1
2452	slowly	adverb.	a2
2453	small	adjective.	a1
2454	smart	adjective.	b1
2455	smartphone	n.	a2
2456	smell	v. n.	a2
2457	smile	v. n.	a2
2458	smoke	n. v.	a2
2459	smoking	n.	a2
2460	smooth	adjective.	b1
2461	snake	n.	a1
2462	snow	n. v.	a1
2463	so	adverb. conj.	a1
2464	soap	n.	a2
2465	soccer	n.	a2
2466	social	adjective.	a2
2467	society	n.	a2
2468	sock	n.	a2
2469	soft	adjective.	a2
2470	software	n.	b1
2471	soil	n.	b1
2472	solar	adjective.	b2
2473	soldier	n.	a2
2474	solid	adjective. n.	b1
2475	solution	n.	a2
2476	solve	v.	a2
2477	some	det. pron.	a1
2478	somebody	pron.	a1
2479	someone	pron.	a1
2480	something	pron.	a1
2481	sometimes	adverb.	a1
2482	somewhat	adverb.	b2
2483	somewhere	adverb. pron.	a2
2484	son	n.	a1
2485	song	n.	a1
2486	soon	adverb.	a1
2487	sorry	adjective. exclam.	a1
2488	sort	n., v.	a2, b1
2489	soul	n.	b2
2490	sound	n. v.	a1
2491	soup	n.	a1
2492	source	n.	a2
2493	south	n. adjective. adverb.	a1
2494	southern	adjective.	b1
2495	space	n.	a1
2496	speak	v.	a1
2497	speaker	n.	a2
2498	special	adjective.	a1
2499	specialist	n. adjective.	b2
2500	species	n.	b2
2501	specific	adjective.	a2
2502	specifically	adverb.	b1
2503	speech	n.	a2
2504	speed	n., v.	a2, b2
2505	spell	v.	a1
2506	spelling	n.	a1
2507	spend	v.	a1
2508	spending	n.	b1
2509	spicy	adjective.	b1
2510	spider	n.	a2
2511	spirit	n.	b1
2512	spiritual	adjective.	b2
2513	split	v. n.	b2
2514	spoken	adjective.	b1
2515	sponsor	v. n.	b2
2516	spoon	n.	a2
2517	sport	n.	a1
2518	spot	n., v.	b1, b2
2519	spread	v., n.	b1, b2
2520	spring	n., v.	a1, b1
2521	square	adjective. n.	a2
2522	stable	adjective.	b2
2523	stadium	n.	b1
2524	staff	n.	b1
2525	stage	n., v.	a2, b2
2526	stair	n.	a2
2527	stamp	n.	a2
2528	stand	v., n.	a1, b2
2529	standard	n. adjective.	b1
2530	star	n., v.	a1, a2
2531	stare	v.	b2
2532	start	v., n.	a1, a2
2533	state	n., adjective., v	a2, b1
2534	statement	n.	a1
2535	station	n.	a1
2536	statistic	n.	b1
2537	statue	n.	b1
2538	status	n.	b2
2539	stay	v., n.	a1, a2
2540	steady	adjective.	b2
2541	steal	v.	a2
2542	steel	n.	b2
2543	steep	adjective.	b2
2544	step	n., v.	a2, b2
2545	stick (push into/attach)	v.	b1
2546	stick (piece of wood)	n.	b1
2547	sticky	adjective.	b2
2548	stiff	adjective.	b2
2549	still	adverb., adjective.	a1, b1
2550	stock	n.	b2
2551	stomach	n.	a2
2552	stone	n.	a2
2553	stop	v. n.	a1
2554	store	n., v.	a2, b1
2555	storm	n.	a2
2556	story	n.	a1
2557	straight	adverb. adjective.	a2
2558	strange	adjective.	a2
2559	stranger	n.	b1
2560	strategy	n.	a2
2561	stream	n.	b2
2562	street	n.	a1
2563	strength	n.	b1
2564	stress	n. v.	a2
2565	stretch	v. n.	b2
2566	strict	adjective.	b2
2567	strike	v. n.	b2
2568	string	n.	b1
2569	strong	adjective.	a1
2570	strongly	adverb.	b1
2571	structure	n., v.	a2, b2
2572	struggle	v. n.	b2
2573	student	n.	a1
2574	studio	n.	b1
2575	study	n. v.	a1
2576	stuff	n., v.	b1, b2
2577	stupid	adjective.	a2
2578	style	n.	a1
2579	subject	n., adjective.	a1, b2
2580	submit	v.	b2
2581	substance	n.	b1
2582	succeed	v.	a2
2583	success	n.	a1
2584	successful	adjective.	a2
2585	successfully	adverb.	b1
2586	such	det./pron.	a2
2587	sudden	adjective.	b1
2588	suddenly	adverb.	a2
2589	suffer	v.	b1
2590	sugar	n.	a1
2591	suggest	v.	a2
2592	suggestion	n.	a2
2593	suit	n., v.	a2, b1
2594	suitable	adjective.	b1
2595	sum	n. v.	b2
2596	summarize	v.	b1
2597	summary	n.	b1
2598	summer	n.	a1
2599	sun	n.	a1
2600	sunday	n.	a1
2601	supermarket	n.	a1
2602	supply	n. v.	b1
2603	support	v. n.	a2
2604	supporter	n.	b1
2605	suppose	v.	a2
2606	sure	adjective., adverb	a1, a2
2607	surely	adverb.	b1
2608	surface	n.	b1
2609	surgery	n.	b2
2610	surprise	n. v.	a2
2611	surprised	adjective.	a2
2612	surprising	adjective.	a2
2613	surround	v.	b2
2614	surrounding	adjective.	b2
2615	survey	n., v.	a2, b2
2616	survive	v.	b1
2617	suspect	v. n.	b2
2618	swear	v.	b2
2619	sweater	n.	a1
2620	sweep	v.	b2
2621	sweet	adjective. n.	a2
2622	swim	v., n.	a1, b1
2623	swimming	n.	a1
2624	switch	v., n.	b1, b2
2625	symbol	n.	a2
2626	sympathy	n.	b2
2627	symptom	n.	b1
2628	system	n.	a2
2629	table	n.	a1
2630	tablet	n.	a2
2631	tail	n.	b1
2632	take	v.	a1
2633	tale	n.	b2
2634	talent	n.	b1
2635	talented	adjective.	b1
2636	talk	v., n.	a1, a2
2637	tall	adjective.	a1
2638	tank	n.	b2
2639	tape	n.	b1
2640	target	n., v.	a2, b2
2641	task	n.	a2
2642	taste	n. v.	a2
2643	tax	n. v.	b1
2644	taxi	n.	a1
2645	tea	n.	a1
2646	teach	v.	a1
2647	teacher	n.	a1
2648	teaching	n.	a2
2649	team	n.	a1
2650	tear	v. n.	b2
2651	tear	n.	b2
2652	technical	adjective.	b1
2653	technique	n.	b1
2654	technology	n.	a2
2655	teenage	adjective.	a2
2656	teenager	n.	a1
2657	telephone	n. v.	a1
2658	television	n.	a1
2659	tell	v.	a1
2660	temperature	n.	a2
2661	temporary	adjective.	b2
2662	ten	number	a1
2663	tend	v.	b1
2664	tennis	n.	a1
2665	tent	n.	b1
2666	term	n., v.	a2, b2
2667	terrible	adjective.	a1
2668	test	n. v.	a1
2669	text	n., v.	a1, a2
2670	than	conj.	a1
2671	thank	v.	a1
2672	thanks	exclam. n.	a1
2673	that	det. pron. conj., adverb	a1, b1
2675	theatre	n.	a1
2676	their	det.	a1
2677	theirs	pron.	b1
2678	them	pron.	a1
2679	theme	n.	b1
2680	themselves	pron.	a2
2681	then	adverb.	a1
2682	theory	n.	b1
2683	therapy	n.	b2
2684	there	adverb.	a1
2685	therefore	adverb.	b1
2686	they	pron.	a1
2687	thick	adjective.	a2
2688	thief	n.	a2
2689	thin	adjective.	a2
2690	thing	n.	a1
2691	think	v.	a1
2692	thinking	n.	a2
2693	third	number, n.	a1, a2
2694	thirsty	adjective.	a1
2695	thirteen	number	a1
2696	thirty	number	a1
2697	this	det./pron., adverb.	a1, b1
2698	though	conj. adverb	b1
2699	thought	n.	a2
2700	thousand	number	a1
2701	threat	n.	b2
2702	threaten	v.	b2
2703	three	number	a1
2704	throat	n.	b1
2707	throw	v.	a2
2708	thursday	n.	a1
2709	thus	adverb.	b2
2710	ticket	n.	a1
2711	tidy	adjective. v	a2
2712	tie	v. n.	a2
2713	tight	adjective.	b1
2714	till	conj./prep.	b1
2715	time	n., v.	a1, b2
2716	tin	n.	b1
2717	tiny	adjective.	b1
2718	tip	n., v.	a2, b1
2719	tired	adjective.	a1
2720	title	n.	a1, b2
2722	today	adverb. n.	a1
2723	toe	n.	b1
2724	together	adverb.	a1
2725	toilet	n.	a1
2726	tomato	n.	a1
2727	tomorrow	adverb. n.	a1
2728	tone	n.	b2
2729	tongue	n.	b1
2730	tonight	adverb. n	a1
2731	too	adverb.	a1
2732	tool	n.	a2
2733	tooth	n.	a1
2734	top	n., adjective.	a2
2735	topic	n.	a1
2736	total	adjective. n.	b1
2737	totally	adverb.	b1
2738	touch	v., n.	a2, b1
2739	tough	adjective.	b2
2740	tour	n., v.	a2, b1
2741	tourism	n.	a2
2742	tourist	n.	a1
2743	towards	prep.	a2
2744	towel	n.	a2
2745	tower	n.	a2
2746	town	n.	a1
2747	toy	n., adjective.	a2
2748	track	n., v.	a2, b2
2749	trade	n., v.	b1
2750	tradition	n.	a2
2751	traditional	adjective.	a2
2752	traffic	n.	a1
2753	train	n., v.	a1, a2
2754	trainer	n.	a2
2755	training	n.	a2
2756	transfer	v. n.	b2
2757	transform	v.	b2
2758	transition	n.	b2
2759	translate	v.	b1
2760	translation	n.	b1
2761	transport	n., v.	a2, b1
2762	travel	v. n.	a1
2763	traveller	n.	a2
2764	treat	v.	b1
2765	treatment	n.	b1
2766	tree	n.	a1
2767	trend	n.	b1
2768	trial	n.	b2
2769	trick	n. v.	b1
2770	trip	n., v.	a1, b2
2771	tropical	adjective.	b2
2772	trouble	n., v.	a2, b2
2773	trousers	n.	a1
2774	truck	n.	a2
2775	true	adjective.	a1
2776	truly	adverb.	b2
2777	trust	n. v.	b2
2778	truth	n.	b1
2779	try	v., n.	a1, b2
2780	t-shirt	n.	a1
2781	tube	n.	b1
2782	tuesday	n.	a1
2783	tune	n.	b2
2784	tunnel	n.	b2
2785	turn	v. n.	a1
2786	tv	n.	a1
2787	twelve	number	a1
2788	twenty	number	a1
2789	twice	adverb.	a1
2790	twin	n. adjective.	a2
2791	two	number	a1
2792	type	n., v.	a1, b1
2793	typical	adjective.	a2
2794	typically	adverb.	b1
2795	tyre	n.	b1
2796	ugly	adjective.	b1
2797	ultimately	adverb.	b2
2798	umbrella	n.	a1
2799	unable	adjective.	b1
2800	uncle	n.	a1
2801	uncomfortable	adjective.	b1
2802	unconscious	adjective.	b2
2804	underground	adjective. adverb	a2
2805	understand	v.	a1
2806	understanding	n.	a2
2807	underwear	n.	b1
2808	unemployed	adjective.	b1
2809	unemployment	n.	b1
2810	unexpected	adjective.	b2
2811	unfair	adjective.	b1
2812	unfortunately	adverb.	a2
2813	unhappy	adjective.	a2
2814	uniform	n.	a2
2815	union	n.	b1
2816	unique	adjective.	b2
2817	unit	n.	a2
2818	united	adjective.	a2
2819	universe	n.	b2
2820	university	n.	a1
2821	unknown	adjective.	b2
2822	unless	conj.	b1
2823	unlike	prep.	b1
2824	unlikely	adjective.	b1
2825	unnecessary	adjective.	b1
2826	unpleasant	adjective.	b1
2827	until	conj./prep.	a1
2828	unusual	adjective.	a2
2829	up	adverb. pron.	a1
2830	update	v. n.	b1
2832	upper	adjective.	b2
2833	upset	adjective. v	b1
2834	upstairs	adverb., adjective.	a1, a2
2835	upwards	adverb.	b2
2836	urban	adjective.	b2
2837	urge	v.	b2
2838	us	pron.	a1
2839	use	v., n.	a1, a2
2840	used	adjective.	b1
2841	used to	modal v.	a2
2842	useful	adjective.	a1
2843	user	n.	a2
2844	usual	adjective.	a2
2845	usually	adverb.	a1
2846	vacation	n.	a1
2847	valley	n.	a2
2848	valuable	adjective.	b1
2849	value	n., v.	b1, b2
2850	van	n.	a2
2851	variety	n.	a2
2852	various	adjective.	b1
2853	vary	v.	b2
2854	vast	adjective.	b2
2855	vegetable	n.	a1
2856	vehicle	n.	a2
2857	venue	n.	b2
2858	version	n.	b1
2859	very	adverb., adjective.	a1, b1
2860	via	prep.	b2
2861	victim	n.	b1
2862	victory	n.	b2
2863	video	n.	a1
2864	view	n., v.	a2,
2865	viewer	n.	b1
2866	village	n.	a1
2867	violence	n.	b2
2868	violent	adjective.	b1
2869	virtual	adjective.	b2
2870	virus	n.	a2
2871	vision	n.	b2
2872	visit	v. n.	a1
2873	visitor	n.	a1
2874	visual	adjective.	b2
2875	vital	adjective.	b2
2876	vitamin	n.	b2
2877	voice	n.	a2
2878	volume	n.	b2
2879	volunteer	n. v.	b1
2880	vote	n. v.	b1
2881	wage	n.	b2
2882	wait	v., n.	a1, a2
2883	waiter	n.	a1
2884	wake	v.	a1
2885	walk	v. n.	a1
2886	wall	n.	a1
2887	want	v.	a1
2888	war	n.	a2
2889	warm	adjective., v	a1, b1
2890	warn	v.	b1
2891	warning	n.	b1
2892	wash	v., n.	a1, a2
2893	washing	n.	a2
2894	waste	n. v, adjective.	b1
2895	watch	v. n.	a1
2896	water	n., v.	a1, b1
2897	wave	n.	a2, b1
2898	way	n.	a1, b2
2899	we	pron.	a1
2900	weak	adjective.	a2
2901	weakness	n.	b2
2902	wealth	n.	b2
2903	wealthy	adjective.	b2
2904	weapon	n.	b1
2905	wear	v.	a1
2906	weather	n.	a1
2907	web	n.	a2
2908	website	n.	a1
2909	wedding	n.	a2
2910	wednesday	n.	a1
2911	week	n.	a1
2912	weekend	n.	a1
2913	weigh	v.	b1
2914	weight	n.	a2
2915	welcome	exclam. v. adjective., n	a1, a2
2916	well	adverb., adjective., exclam.	a1
2917	west	n. adjective. adverb.	a1
2918	western	adjective.	b1
2919	wet	adjective.	a2
2920	what	pron./det.	a1
2921	whatever	det./pron.	b1
2922	wheel	n.	a2
2923	when	adverb. pron.conj.	a1
2924	whenever	conj.	b1
2925	where	adverb. conj.	a1
2926	whereas	conj.	b2
2927	wherever	conj.	b2
2928	whether	conj.	b1
2929	which	pron./det.	a1
2930	while	conj., n.	a2, b1
2931	whisper	v. n.	b2
2932	white	adjective. n.	a1
2933	who	pron.	a1
2934	whole	adjective., n	a2, b1
2935	whom	pron.	b2
2936	whose	det./pron.	a2
2937	why	adverb.	a1
2938	wide	adjective.	a2
2939	widely	adverb.	b2
2940	wife	n.	a1
2941	wild	adjective.	a2
2942	wildlife	n.	b2
2943	will	modal, noun, verb	a1,
2944	willing	adjective.	b2
2945	win	v., n.	a1, b1
2946	wind	n.	a2
2947	wind	v.	b2
2948	window	n.	a1
2949	wine	n.	a1
2950	wing	n.	b1
2951	winner	n.	a2
2952	winter	n.	a1
2953	wire	n.	b2
2954	wise	adjective.	b2
2955	wish	verb, noun	a2
2956	with	prep.	a1
2957	within	prep.	b1
2958	without	prep.	a1
2959	witness	noun, verb	b2
2960	woman	noun	a1
2961	wonder	verb, noun	b1
2962	wonderful	adjective.	a1
2963	wood	noun	a2
2964	wooden	adjective.	a2
2965	wool	noun	b1
2966	word	noun	a1
2967	work	verb, noun	a1
2968	worker	noun	a1
2969	working	adjective.	a2
2970	world	noun	a1
2971	worldwide	adjective. adverb	b1
2972	worried	adjective.	a2
2973	worry	verb, noun	a2, b1
2974	worse	adjective, adverb, noun	a2,b1, b2
2975	worst	adjective, adverb,	a2,b1, b2
2976	worth	adjective, noun	b1, b2
2977	would	modal, verb	a1
2978	wound	noun, verb	b2
2979	wow	exclam.	a2
2980	wrap	verv	b2
2981	write	verb	a1
2982	writer	noun	a1
2983	writing	noun	a1
2984	written	adjective.	b1
2985	wrong	adjective, adverb, noun	a1, b1, b2
2986	yard	noun	b1
2987	yeah	exclam.	a1
2988	year	noun	a1
2989	yellow	adjective, noun	a1
2990	yes	exclam.	a1
2991	yesterday	adverb, noun	a1
2992	yet	adverb, conj.	a2, b2
2993	you	pron.	a1
2994	young	adjective, noun	a1, b1
2995	your	det.	a1
2996	yours	pron.	a2
2997	yourself	pron.	a1
2998	youth	noun	b1
2999	zero	number	a2
3000	zone	noun	b2